Origin,Dest
IAD,TPA
IND,BWI
IND,JAX
IND,LAS
IND,MCI
IND,MCO
IND,MDW
IND,PHX
IND,TPA
ISP,BWI
ISP,FLL
ISP,LAS
ISP,MCO
ISP,MDW
ISP,PBI
ISP,RSW
ISP,TPA
JAN,BWI
JAN,HOU
JAN,MCO
JAN,MDW
JAX,BHM
JAX,BNA
JAX,BWI
JAX,FLL
JAX,HOU
JAX,IND
JAX,ORF
JAX,PHL
JAX,TPA
LAS,ABQ
LAS,ALB
LAS,AMA
LAS,AUS
LAS,BDL
LAS,BHM
LAS,BNA
LAS,BOI
LAS,BUF
LAS,BUR
LAS,BWI
LAS,CLE
LAS,CMH
LAS,DEN
LAS,ELP
LAS,GEG
LAS,HOU
LAS,IAD
LAS,IND
LAS,ISP
LAS,LAX
LAS,LBB
LAS,LIT
LAS,MAF
LAS,MCI
LAS,MCO
LAS,MDW
LAS,MHT
LAS,MSY
LAS,OAK
LAS,OKC
LAS,OMA
LAS,ONT
LAS,ORF
LAS,PDX
LAS,PHL
LAS,PHX
LAS,PIT
LAS,PVD
LAS,RDU
LAS,RNO
LAS,SAN
LAS,SAT
LAS,SDF
LAS,SEA
LAS,SFO
LAS,SJC
LAS,SLC
LAS,SMF
LAS,SNA
LAS,STL
LAS,TPA
LAS,TUL
LAS,TUS
LAX,ABQ
LAX,AUS
LAX,BNA
LAX,ELP
LAX,HOU
LAX,LAS
LAX,MCI
LAX,MDW
LAX,OAK
LAX,PHX
LAX,RNO
LAX,SAT
LAX,SFO
LAX,SJC
LAX,SLC
LAX,SMF
LAX,STL
LAX,TUS
LBB,ABQ
LBB,AUS
LBB,DAL
LBB,ELP
LBB,LAS
LIT,BWI
LIT,DAL
LIT,HOU
LIT,LAS
LIT,MDW
LIT,PHX
LIT,STL
MAF,ABQ
MAF,AUS
MAF,DAL
MAF,HOU
MAF,LAS
MCI,ABQ
MCI,BNA
MCI,BWI
MCI,DAL
MCI,DEN
MCI,IND
MCI,LAS
MCI,LAX
MCI,MCO
MCI,MDW
MCI,OAK
MCI,OKC
MCI,PDX
MCI,PHX
MCI,SAN
MCI,SEA
MCI,SMF
MCI,STL
MCI,TPA
MCI,TUL
MCO,ABQ
MCO,ALB
MCO,AUS
MCO,BDL
MCO,BHM
MCO,BNA
MCO,BUF
MCO,BWI
MCO,CLE
MCO,CMH
MCO,DEN
MCO,DTW
MCO,FLL
MCO,HOU
MCO,IAD
MCO,IND
MCO,ISP
MCO,JAN
MCO,LAS
MCO,MCI
MCO,MDW
MCO,MHT
MCO,MSY
MCO,ORF
MCO,PHL
MCO,PHX
MCO,PIT
MCO,PVD
MCO,RDU
MCO,RSW
MCO,SAT
MCO,SDF
MCO,STL
MDW,ABQ
MDW,ALB
MDW,AUS
MDW,BDL
MDW,BHM
MDW,BNA
MDW,BUF
MDW,BWI
MDW,CLE
MDW,CMH
MDW,DEN
MDW,DTW
MDW,FLL
MDW,HOU
MDW,IAD
MDW,IND
MDW,ISP
MDW,JAN
MDW,LAS
MDW,LAX
MDW,LIT
MDW,MCI
MDW,MCO
MDW,MHT
MDW,MSY
MDW,OAK
MDW,OMA
MDW,ORF
MDW,PDX
MDW,PHL
MDW,PHX
MDW,PIT
MDW,PVD
MDW,RDU
MDW,RNO
MDW,RSW
MDW,SAN
MDW,SAT
MDW,SDF
MDW,SEA
MDW,SFO
MDW,SJC
MDW,SLC
MDW,SMF
MDW,STL
MDW,TPA
MDW,TUS
MHT,BWI
MHT,LAS
MHT,MCO
MHT,MDW
MHT,PHL
MHT,PHX
MHT,TPA
MSY,BHM
MSY,BNA
MSY,BWI
MSY,DAL
MSY,FLL
MSY,HOU
MSY,LAS
MSY,MCO
MSY,MDW
MSY,PHX
MSY,TPA
OAK,ABQ
OAK,BNA
OAK,BOI
OAK,BUR
OAK,DEN
OAK,GEG
OAK,HOU
OAK,LAS
OAK,LAX
OAK,MCI
OAK,MDW
OAK,ONT
OAK,PDX
OAK,PHX
OAK,RNO
OAK,SAN
OAK,SEA
OAK,SLC
OAK,SNA
OAK,TUS
OKC,BWI
OKC,DAL
OKC,DEN
OKC,HOU
OKC,LAS
OKC,MCI
OKC,PHX
OKC,STL
OMA,LAS
OMA,MDW
OMA,PHX
OMA,STL
ONT,BNA
ONT,LAS
ONT,OAK
ONT,PHX
ONT,SJC
ONT,SMF
ORF,BWI
ORF,JAX
ORF,LAS
ORF,MCO
ORF,MDW
ORF,TPA
PBI,BWI
PBI,ISP
PBI,PHL
PBI,TPA
PDX,ABQ
PDX,BOI
PDX,GEG
PDX,LAS
PDX,MCI
PDX,MDW
PDX,OAK
PDX,PHX
PDX,RNO
PDX,SJC
PDX,SLC
PDX,SMF
PHL,BNA
PHL,CMH
PHL,FLL
PHL,HOU
PHL,JAX
PHL,LAS
PHL,MCO
PHL,MDW
PHL,MHT
PHL,PBI
PHL,PHX
PHL,PIT
PHL,PVD
PHL,RDU
PHL,RSW
PHL,TPA
PHX,ABQ
PHX,AUS
PHX,BHM
PHX,BNA
PHX,BUF
PHX,BUR
PHX,BWI
PHX,CMH
PHX,DEN
PHX,DTW
PHX,ELP
PHX,HOU
PHX,IND
PHX,LAS
PHX,LAX
PHX,LIT
PHX,MCI
PHX,MCO
PHX,MDW
PHX,MHT
PHX,MSY
PHX,OAK
PHX,OKC
PHX,OMA
PHX,ONT
PHX,PDX
PHX,PHL
PHX,PIT
PHX,PVD
PHX,RDU
PHX,RNO
PHX,SAN
PHX,SAT
PHX,SDF
PHX,SEA
PHX,SJC
PHX,SLC
PHX,SMF
PHX,SNA
PHX,STL
PHX,TPA
PHX,TUL
PIT,BWI
PIT,LAS
PIT,MCO
PIT,MDW
PIT,PHL
PIT,PHX
PIT,TPA
PVD,BNA
PVD,BWI
PVD,FLL
PVD,LAS
PVD,MCO
PVD,MDW
PVD,PHL
PVD,PHX
PVD,TPA
RDU,BNA
RDU,BWI
RDU,LAS
RDU,MCO
RDU,MDW
RDU,PHL
RDU,PHX
RDU,TPA
RNO,BOI
RNO,LAS
RNO,LAX
RNO,MDW
RNO,OAK
RNO,PDX
RNO,PHX
RNO,SAN
RNO,SEA
RNO,SJC
RNO,SLC
RSW,BWI
RSW,ISP
RSW,MCO
RSW,MDW
RSW,PHL
SAN,ABQ
SAN,AUS
SAN,BNA
SAN,BWI
SAN,ELP
SAN,HOU
SAN,LAS
SAN,MCI
SAN,MDW
SAN,OAK
SAN,PHX
SAN,RNO
SAN,SAT
SAN,SFO
SAN,SJC
SAN,SMF
SAN,TUS
SAT,BNA
SAT,BWI
SAT,DAL
SAT,ELP
SAT,HOU
SAT,HRL
SAT,LAS
SAT,LAX
SAT,MCO
SAT,MDW
SAT,PHX
SAT,SAN
SAT,TPA
SDF,BHM
SDF,BWI
SDF,LAS
SDF,MCO
SDF,MDW
SDF,PHX
SDF,STL
SDF,TPA
SEA,ABQ
SEA,BNA
SEA,BOI
SEA,DEN
SEA,GEG
SEA,LAS
SEA,MCI
SEA,MDW
SEA,OAK
SEA,PHX
SEA,RNO
SEA,SJC
SEA,SLC
SEA,SMF
SFO,LAS
SFO,LAX
SFO,MDW
SFO,SAN
SJC,BUR
SJC,LAS
SJC,LAX
SJC,MDW
SJC,ONT
SJC,PDX
SJC,PHX
SJC,RNO
SJC,SAN
SJC,SEA
SJC,SNA
SLC,ABQ
SLC,BOI
SLC,BWI
SLC,DEN
SLC,GEG
SLC,LAS
SLC,LAX
SLC,MDW
SLC,OAK
SLC,PDX
SLC,PHX
SLC,RNO
SLC,SEA
SLC,STL
SMF,BUR
SMF,LAS
SMF,LAX
SMF,MCI
SMF,MDW
SMF,ONT
SMF,PDX
SMF,PHX
SMF,SAN
SMF,SEA
SMF,SNA
SNA,LAS
SNA,OAK
SNA,PHX
SNA,SJC
SNA,SMF
STL,ABQ
STL,BHM
STL,BWI
STL,CLE
STL,CMH
STL,DAL
STL,DTW
STL,FLL
STL,HOU
STL,LAS
STL,LAX
STL,LIT
STL,MCI
STL,MCO
STL,MDW
STL,OKC
STL,OMA
STL,PHX
STL,SDF
STL,SLC
STL,TPA
STL,TUL
TPA,ABQ
TPA,ALB
TPA,AUS
TPA,BDL
TPA,BHM
TPA,BNA
TPA,BUF
TPA,BWI
TPA,CMH
TPA,DEN
TPA,FLL
TPA,HOU
TPA,IAD
TPA,IND
TPA,ISP
TPA,JAX
TPA,LAS
TPA,MCI
TPA,MDW
TPA,MHT
TPA,MSY
TPA,ORF
TPA,PBI
TPA,PHL
TPA,PHX
TPA,PIT
TPA,PVD
TPA,RDU
TPA,SAT
TPA,SDF
TPA,STL
TUL,DAL
TUL,HOU
TUL,LAS
TUL,MCI
TUL,PHX
TUL,STL
TUS,ABQ
TUS,LAS
TUS,LAX
TUS,MDW
TUS,OAK
TUS,SAN
ABQ,AMA
ABQ,BWI
ABQ,DAL
ABQ,DEN
ABQ,ELP
ABQ,HOU
ABQ,LAS
ABQ,LAX
ABQ,LBB
ABQ,MAF
ABQ,MCI
ABQ,MCO
ABQ,MDW
ABQ,OAK
ABQ,PDX
ABQ,PHX
ABQ,SAN
ABQ,SEA
ABQ,SLC
ABQ,STL
ABQ,TPA
ABQ,TUS
ALB,BWI
ALB,LAS
ALB,MCO
ALB,MDW
ALB,TPA
AMA,ABQ
AMA,DAL
AMA,DEN
AMA,LAS
AUS,BNA
AUS,BWI
AUS,DAL
AUS,DEN
AUS,ELP
AUS,HOU
AUS,HRL
AUS,LAS
AUS,LAX
AUS,LBB
AUS,MAF
AUS,MCO
AUS,MDW
AUS,PHX
AUS,SAN
AUS,TPA
BDL,BNA
BDL,BWI
BDL,LAS
BDL,MCO
BDL,MDW
BDL,TPA
BHM,BNA
BHM,BWI
BHM,DAL
BHM,HOU
BHM,JAX
BHM,LAS
BHM,MCO
BHM,MDW
BHM,MSY
BHM,PHX
BHM,SDF
BHM,STL
BHM,TPA
BNA,AUS
BNA,BDL
BNA,BHM
BNA,BWI
BNA,CLE
BNA,CMH
BNA,DEN
BNA,DTW
BNA,FLL
BNA,HOU
BNA,JAX
BNA,LAS
BNA,LAX
BNA,MCI
BNA,MCO
BNA,MDW
BNA,MSY
BNA,OAK
BNA,ONT
BNA,PHL
BNA,PHX
BNA,PVD
BNA,RDU
BNA,SAN
BNA,SAT
BNA,SEA
BNA,TPA
BOI,GEG
BOI,LAS
BOI,OAK
BOI,PDX
BOI,RNO
BOI,SEA
BOI,SLC
BUF,BWI
BUF,LAS
BUF,MCO
BUF,MDW
BUF,PHX
BUF,TPA
BUR,LAS
BUR,OAK
BUR,PHX
BUR,SJC
BUR,SMF
BWI,ABQ
BWI,ALB
BWI,AUS
BWI,BDL
BWI,BHM
BWI,BNA
BWI,BUF
BWI,CLE
BWI,CMH
BWI,DEN
BWI,DTW
BWI,FLL
BWI,HOU
BWI,IND
BWI,ISP
BWI,JAN
BWI,JAX
BWI,LAS
BWI,LIT
BWI,MCI
BWI,MCO
BWI,MDW
BWI,MHT
BWI,MSY
BWI,OKC
BWI,ORF
BWI,PBI
BWI,PHX
BWI,PIT
BWI,PVD
BWI,RDU
BWI,RSW
BWI,SAN
BWI,SAT
BWI,SDF
BWI,SLC
BWI,STL
BWI,TPA
CLE,BNA
CLE,BWI
CLE,LAS
CLE,MCO
CLE,MDW
CLE,STL
CMH,BNA
CMH,BWI
CMH,LAS
CMH,MCO
CMH,MDW
CMH,PHL
CMH,PHX
CMH,STL
CMH,TPA
CRP,HOU
DAL,ABQ
DAL,AMA
DAL,AUS
DAL,BHM
DAL,ELP
DAL,HOU
DAL,LBB
DAL,LIT
DAL,MAF
DAL,MCI
DAL,MSY
DAL,OKC
DAL,SAT
DAL,STL
DAL,TUL
DEN,ABQ
DEN,AMA
DEN,AUS
DEN,BNA
DEN,BWI
DEN,HOU
DEN,LAS
DEN,MCI
DEN,MCO
DEN,MDW
DEN,OAK
DEN,OKC
DEN,PHX
DEN,SEA
DEN,SLC
DEN,TPA
DTW,BNA
DTW,BWI
DTW,MCO
DTW,MDW
DTW,PHX
DTW,STL
ELP,ABQ
ELP,AUS
ELP,DAL
ELP,HOU
ELP,LAS
ELP,LAX
ELP,LBB
ELP,PHX
ELP,SAN
ELP,SAT
FLL,BNA
FLL,BWI
FLL,HOU
FLL,ISP
FLL,JAX
FLL,MCO
FLL,MDW
FLL,MSY
FLL,PHL
FLL,PVD
FLL,STL
FLL,TPA
GEG,BOI
GEG,LAS
GEG,OAK
GEG,PDX
GEG,SEA
GEG,SLC
HOU,ABQ
HOU,AUS
HOU,BHM
HOU,BNA
HOU,BWI
HOU,CRP
HOU,DAL
HOU,DEN
HOU,ELP
HOU,FLL
HOU,HRL
HOU,JAN
HOU,JAX
HOU,LAS
HOU,LAX
HOU,LIT
HOU,MAF
HOU,MCO
HOU,MDW
HOU,MSY
HOU,OAK
HOU,OKC
HOU,PHL
HOU,PHX
HOU,SAN
HOU,SAT
HOU,STL
HOU,TPA
HOU,TUL
HRL,AUS
HRL,HOU
HRL,SAT
IAD,LAS
IAD,MCO
IAD,MDW
ROC,EWR
DAY,IAH
ABQ,IAH
ORD,EWR
IND,EWR
MHT,CLE
BDL,CLE
EWR,DTW
RDU,EWR
MCI,IAH
EWR,OMA
EWR,RDU
SYR,CLE
EWR,JAX
IAH,STL
EWR,XNA
CLE,SDF
TUL,EWR
LFT,IAH
CLE,DCA
IAH,ABQ
EWR,GSO
RDU,IAH
IAH,LBB
IAH,BNA
EWR,MCI
CLE,ROC
EWR,MYR
MKE,CLE
CLE,BUF
CHS,EWR
EWR,SYR
BHM,EWR
LCH,IAH
CMH,EWR
CLE,ATL
CLT,IAH
IAH,JAX
BTR,IAH
IAH,SLC
EWR,SDF
EWR,BDL
IAH,SAV
EWR,BHM
OKC,IAH
CRW,IAH
IAH,XNA
IAH,RIC
AUS,ONT
ONT,MCI
FAT,ONT
ONT,ELP
COS,ONT
ONT,COS
ELP,ONT
ONT,FAT
ONT,ABQ
ONT,BOI
MCI,ONT
BOI,ONT
GEG,ONT
ELP,TUS
TUS,ONT
ONT,TUS
TUS,ELP
MRY,ONT
BOI,SAN
SAN,ONT
ONT,MRY
FAT,LGB
LGB,MRY
ABQ,ONT
MRY,LGB
ONT,SAT
LGB,FAT
SAT,ONT
SAT,TUL
TUL,SAT
AUS,OKC
OKC,SMF
ONT,AUS
LGB,GEG
LGB,RNO
RNO,GEG
GEG,LGB
GEG,RNO
RNO,LGB
BFL,SMF
SMF,GEG
GEG,SMF
SMF,BFL
SMF,TUS
TUS,AUS
TUL,ABQ
SMF,COS
COS,SMF
OKC,SAT
SAT,SMF
SMF,SAT
ONT,TUL
ABQ,SMF
OKC,ABQ
ABQ,OKC
SMF,ABQ
TUL,SMF
SMF,TUL
OKC,AUS
SAT,AUS
SMF,OKC
ABQ,SAT
OKC,ONT
ONT,GEG
TUS,MCI
ONT,RNO
TUS,RNO
MCI,RDU
SAT,TUS
TUS,SMF
AUS,TUS
JAX,AUS
AUS,ABQ
AUS,JAX
JAX,RDU
ABQ,AUS
ABQ,TUL
TUL,AUS
GEG,TUS
ONT,OKC
MSY,RDU
SAT,MSY
SAT,OKC
TUL,OKC
TUS,SAT
TUL,ONT
SAN,BOI
OMA,SAN
COS,SAN
ONT,SAN
OKC,SAN
SAN,OMA
SAN,TUL
SAN,OKC
TUL,SAN
SAN,COS
SAN,GEG
GEG,SAN
SAN,FAT
FAT,SAN
SAN,MRY
MRY,SAN
SAN,BFL
BFL,SAN
SAT,ABQ
SAT,RDU
RDU,SAT
JAX,MSY
MSY,AUS
RNO,TUS
AUS,MSY
MSY,JAX
RDU,MSY
RDU,MCI
MSY,SAT
RDU,BHM
BHM,RDU
MCI,JAX
RNO,ONT
AUS,MCI
RDU,JAX
MCI,TUS
MCI,AUS
MCI,MSY
MSY,MCI
TUS,OMA
OMA,ABQ
OMA,TUS
JAX,MCI
TUS,GEG
OMA,ONT
ONT,OMA
SLC,EUG
OKC,SLC
SLC,OKC
SAN,LAX
ONT,SLC
SLC,MCI
SLC,ONT
EUG,SLC
MCI,SLC
LAX,OKC
OKC,LAX
LAX,SAN
LAX,SEA
EUG,LAX
SEA,LAX
DEN,LAX
LAX,DEN
ICT,LAX
LAX,ICT
LAX,EUG
BOI,LAX
LAX,BOI
GEG,LAX
LAX,GEG
PDX,LAX
LAX,PDX
AUS,TUL
MEM,IAH
IAD,EWR
IAH,ELP
BHM,IAH
BWI,EWR
EWR,SAV
LGA,CLE
DCA,CLE
BTV,EWR
MHT,EWR
BUF,EWR
GRK,IAH
EWR,MSN
BNA,IAH
EWR,CAE
IAH,MCI
EWR,DAY
BRO,IAH
TYS,CLE
DSM,IAH
BPT,IAH
GPT,IAH
ICT,IAH
IAH,BTR
MKE,IAH
COS,IAH
ORD,CLE
IAH,TLH
GRR,EWR
IAH,DFW
IAH,DAL
LIT,EWR
IAH,LFT
CLE,PWM
IAH,SHV
EWR,IND
MCI,EWR
IAH,COS
EWR,ALB
STL,EWR
IAH,OMA
AMA,IAH
EWR,MKE
EWR,CHS
EWR,PVD
PWM,EWR
IAH,JAN
DEN,CLE
EWR,ROC
MSP,IAH
RIC,IAH
CVG,IAH
SAV,IAH
IAH,CRW
IAH,HSV
IAH,LIT
IAH,TYS
SRQ,CLE
IAH,MTJ
EWR,STL
EWR,RIC
CLT,EWR
IAH,MGM
IAH,MFE
LBB,IAH
EWR,MSP
GSO,IAH
IAH,PIT
EWR,GSP
MSP,EWR
ALB,EWR
CHA,IAH
BNA,EWR
XNA,EWR
IAH,RDU
GSP,IAH
RIC,CLE
MKE,EWR
MAF,IAH
IAH,GRR
IAH,MEM
CLE,MHT
EWR,TYS
IAD,CLE
IAH,BHM
CLE,MKE
IND,CLE
IAH,PBI
EWR,BTV
BDL,EWR
TUL,IAH
XNA,IAH
STL,IAH
DTW,CLE
PHX,IAH
MEM,EWR
TUS,IAH
SDF,IAH
CVG,EWR
JAX,IAH
EWR,BWI
EWR,CLT
LEX,IAH
IAH,MAF
SDF,EWR
MFE,IAH
ORF,EWR
CLE,MCI
ABE,CLE
IAH,MKE
ORF,IAH
JAN,EWR
SDF,CLE
MLU,IAH
GSO,EWR
DAL,IAH
JAN,IAH
IAH,BRO
CLE,RIC
IAH,OKC
MOB,IAH
TYS,EWR
IAH,CVG
EWR,PWM
EWR,ATL
IAD,IAH
EWR,CMH
PIT,EWR
IAH,CLT
LRD,IAH
SHV,IAH
CLE,SYR
PVD,EWR
EWR,CVG
CLE,LGA
CLE,MSY
CLE,IAD
TYS,IAH
EWR,BUF
CLE,GRR
CLE,CLT
IAH,VPS
IAH,LEX
EWR,DCA
DCA,EWR
BUF,CLE
CLE,SAT
IAH,BPT
TLH,IAH
IAH,PNS
CAE,EWR
EWR,IAD
MSP,CLE
GSP,EWR
IAH,HRL
CLE,ORD
IAH,GSO
SYR,EWR
OMA,IAH
CLE,ABE
ORD,IAH
AEX,IAH
CLE,PVD
RIC,EWR
MCI,CLE
CLE,IND
CLE,DFW
IAH,DAY
EWR,ORD
SAV,EWR
IAH,LRD
EWR,BGR
IAH,GSP
IAH,GRK
CLE,SRQ
EWR,PIT
ATL,IAH
EWR,BNA
IAH,TUS
GRR,CLE
IAH,AMA
EWR,OKC
HRL,IAH
IAH,LCH
GSP,CLE
DFW,IAH
IAH,AEX
GRR,IAH
DTW,EWR
IAH,AVL
DAY,CLE
DFW,CLE
EWR,MEM
EWR,AVL
IAH,GPT
IAH,ORF
PIT,IAH
CLE,DAY
ROC,CLE
BGR,EWR
LEX,EWR
IAH,SDF
IAH,MSY
AVL,IAH
EWR,LIT
JAX,EWR
IND,IAH
OKC,EWR
BOS,CLE
IAH,MSP
ELP,IAH
IAH,ICT
MSY,IAH
DAY,EWR
CLE,RDU
IAH,CMH
IAH,MLU
RDU,CLE
IAH,ATL
ALB,CLE
IAH,MOB
EWR,MHT
IAH,MCO
CLE,BDL
EWR,MDW
MSN,CLE
HSV,IAH
EWR,ORF
IAH,IAD
LIT,IAH
CLE,TYS
EWR,TUL
IAH,IND
EWR,BOS
CLE,BTV
EWR,GRR
IAH,TUL
AUS,CLE
CMH,CLE
MGM,IAH
IAH,DSM
SLC,IAH
EWR,LEX
CLE,ALB
CLE,MSP
MYR,EWR
MCO,IAH
IAH,CHA
EWR,MSY
OMA,EWR
IAH,CLL
VPS,IAH
PHL,CLE
PBI,IAH
ATL,EWR
CLL,IAH
CLE,MSN
MSN,EWR
IAH,PHX
SAT,CLE
PNS,IAH
IAH,ORD
CLE,GSP
CLE,DEN
BTV,CLE
IAH,PSP
CLE,BOS
EWR,JAN
BOS,EWR
IAH,DCA
OKC,CLE
CLT,CLE
MTJ,IAH
CLE,PHL
MDW,EWR
MSY,EWR
EWR,DAB
IAH,CHS
PVD,CLE
CLE,DTW
AVL,EWR
ATL,CLE
CLE,AUS
IAH,RSW
DCA,IAH
CMH,IAH
CLE,OKC
ORF,CLE
RSW,IAH
CLE,PBI
IAH,AUS
CHS,IAH
PBI,CLE
AUS,IAH
MSY,CLE
CLE,ORF
IAH,CRP
DAB,EWR
TPA,IAH
PWM,CLE
CLE,CMH
CRP,IAH
PSP,IAH
IAH,TPA
ABE,ORD
ALB,CLT
ASE,DEN
ASE,PHX
ATL,CLT
ATL,IAD
ATL,ORD
ATW,ORD
AUS,IAD
AVP,ORD
BDL,IAD
BDL,ORD
BFL,LAS
BFL,PHX
BHM,CLT
BHM,IAD
BHM,ORD
BMI,ORD
BNA,CLT
BNA,IAD
BNA,ORD
BOS,IAD
BUF,ORD
BWI,CLT
CAE,IAD
CAE,ORD
CAK,ORD
CHS,CLT
CHS,IAD
CHS,ORD
CID,ORD
CLD,PHX
CLT,ALB
CLT,ATL
CLT,BHM
CLT,BNA
CLT,BWI
CLT,CHS
CLT,CMH
CLT,DTW
CLT,GSO
CLT,IAD
CLT,ILM
CLT,IND
CLT,JFK
CLT,MCI
CLT,MDT
CLT,MEM
CLT,MSY
CLT,MYR
CLT,ORD
CLT,ORF
CLT,PIT
CLT,PNS
CLT,PWM
CLT,RDU
CLT,RIC
CLT,SAV
CLT,STL
CMH,CLT
COD,DEN
COS,DEN
COS,PHX
CPR,DEN
CWA,ORD
DEN,ASE
DEN,ATL
DEN,COD
DEN,COS
DEN,CPR
DEN,DRO
DEN,EGE
DEN,GJT
DEN,HDN
DEN,MTJ
DEN,RAP
DEN,SAT
DRO,DEN
DRO,PHX
DSM,DEN
DSM,ORD
DSM,PHX
DTW,CLT
DTW,IAD
EGE,DEN
EUG,LAS
EUG,PHX
FAT,LAS
FAT,PHX
FLG,PHX
FSD,ORD
FWA,ORD
GJT,DEN
GJT,PHX
GRB,ORD
GRR,ORD
GSO,CLT
GSO,ORD
GSP,IAD
GSP,ORD
HDN,DEN
HNL,ITO
HNL,KOA
HNL,LIH
HNL,OGG
HSV,IAD
IAD,ATL
IAD,AUS
IAD,BDL
IAD,BHM
IAD,BNA
IAD,BOS
IAD,CAE
IAD,CHS
IAD,CLT
IAD,DTW
IAD,GSP
IAD,HSV
IAD,JAX
IAD,LGA
IAD,MCI
IAD,MDT
IAD,MYR
IAD,ORF
IAD,PHL
IAD,PIT
IAD,PVD
IAD,PWM
IAD,RDU
IAD,ROA
IAD,SAT
IAD,SAV
IAD,SPI
IAD,SYR
ICT,PHX
ILM,CLT
IND,CLT
ITO,HNL
JAX,IAD
JFK,CLT
KOA,HNL
LAN,ORD
LAS,BFL
LAS,EUG
LAS,FAT
LAS,MFR
LAS,PSP
LAS,SBA
LAS,SBP
LAS,YUM
LGA,IAD
LGB,PHX
LIH,HNL
MBS,ORD
MCI,CLT
MCI,IAD
MDT,CLT
MDT,IAD
MDT,ORD
MEM,CLT
MEM,PHX
MFR,LAS
MFR,PHX
MHT,ORD
MRY,PHX
MSY,CLT
MTJ,DEN
MYR,CLT
MYR,IAD
OGG,HNL
OKC,ORD
ORD,ABE
ORD,ATW
ORD,AUS
ORD,AVP
ORD,BDL
ORD,BHM
ORD,BMI
ORD,BNA
ORD,BUF
ORD,CAE
ORD,CAK
ORD,CHS
ORD,CID
ORD,CLT
ORD,COS
ORD,CWA
ORD,DSM
ORD,FSD
ORD,FWA
ORD,GRB
ORD,GRR
ORD,GSO
ORD,GSP
ORD,LAN
ORD,MBS
ORD,MHT
ORD,OKC
ORD,PIT
ORD,SAV
ORD,SBN
ORD,SPI
ORF,CLT
ORF,IAD
ORF,ORD
PHL,IAD
PHX,ASE
PHX,BFL
PHX,CLD
PHX,COS
PHX,DRO
PHX,DSM
PHX,EUG
PHX,FAT
PHX,FLG
PHX,GJT
PHX,ICT
PHX,LGB
PHX,MEM
PHX,MFR
PHX,MRY
PHX,PSP
PHX,SBA
PHX,SBP
PHX,TEX
PHX,TUS
PHX,YUM
PIT,CLT
PIT,IAD
PIT,ORD
PNS,CLT
PSP,LAS
PSP,PHX
PVD,IAD
PWM,CLT
PWM,IAD
PWM,ORD
RAP,DEN
RDU,CLT
RDU,IAD
RIC,CLT
ROA,IAD
ROA,ORD
SAT,DEN
SAT,IAD
SAV,CLT
SAV,IAD
SAV,ORD
SBA,LAS
SBA,PHX
SBN,ORD
SBP,LAS
SBP,PHX
SPI,IAD
SPI,ORD
STL,CLT
SYR,IAD
SYR,ORD
TEX,PHX
TUS,PHX
YUM,LAS
YUM,PHX
MSN,ORD
ORD,MDT
ORD,MSN
ORD,RDU
ORD,ROC
ORD,TVC
ROC,ORD
TVC,ORD
RDU,ORD
BDL,CLT
CLT,BDL
CLT,SRQ
ORD,ORF
ORD,PWM
BUF,CLT
CLT,BUF
CLT,DFW
CLT,JAX
CLT,MSP
CLT,ROC
CLT,SYR
COS,LAS
DFW,CLT
IAD,ROC
JAX,CLT
LAS,COS
MCI,ORD
MSP,CLT
ORD,ROA
ROC,CLT
SRQ,CLT
SYR,CLT
CLT,LIT
CLT,PVD
CLT,SDF
IAD,MHT
LAS,MRY
LIT,CLT
MHT,IAD
MRY,LAS
ORD,SYR
PVD,CLT
ROC,IAD
SDF,CLT
COS,ORD
GSO,IAD
IAD,GSO
IAH,DEN
MSN,DEN
ORD,MCI
ORD,SAT
SAT,ORD
ORD,ATL
ATL,DEN
ATL,DSM
ORF,BOS
CVG,BWI
JFK,STL
LEX,DCA
STL,JFK
CVG,GSP
LGA,GSO
DSM,CVG
HPN,CVG
CVG,MSP
BDL,JFK
DCA,BTR
AUS,JFK
JFK,AUS
CVG,BHM
CVG,DAY
BOS,PHL
FSD,CVG
CVG,DFW
ORF,JFK
JFK,PHL
DCA,LEX
CVG,PHL
MEM,CVG
CVG,JFK
JFK,BNA
CVG,BDL
MSP,CVG
CVG,ORD
BOS,BNA
CVG,GRB
BTR,DCA
HSV,CVG
CVG,CID
CVG,GRR
MIA,CVG
LGA,RDU
RDU,ATL
ORD,JFK
CVG,DSM
SYR,CVG
CVG,CLE
ALB,CVG
CVG,MEM
JFK,PVD
JFK,BDL
PHL,CVG
CVG,PIT
ROC,CVG
DCA,JFK
LGA,CHS
JFK,DTW
CVG,JAX
CMH,CVG
JFK,RDU
DTW,CVG
CVG,BNA
RDU,CVG
LGA,CLT
BOS,CHS
CVG,MKE
MCI,CVG
BNA,JFK
LGA,RIC
RIC,LGA
OMA,CVG
CMH,LGA
TYS,CVG
RDU,JFK
CVG,DTW
ORF,CVG
TUL,CVG
CVG,DEN
JFK,PIT
DEN,CVG
CVG,SAV
MKE,CVG
JFK,DCA
PWM,JFK
CVG,SYR
TPA,CVG
CVG,TPA
DSM,ATL
CVG,FLL
RDU,BOS
CVG,PBI
PBI,CVG
CVG,DCA
CVG,ALB
LGA,MLB
MLB,LGA
STL,CVG
ABE,CVG
CVG,IAD
BHM,CVG
BNA,CVG
CVG,LGA
CVG,COS
IAD,CVG
CVG,OKC
PWM,CVG
ATL,GSO
SGF,CVG
CVG,LEX
GRB,CVG
BDL,CVG
OKC,CVG
CVG,CHS
CHA,CVG
MDW,ATL
SYR,ATL
ATL,LEX
ATL,SYR
CVG,AUS
DAY,CVG
CVG,RDU
CID,CVG
ORD,CVG
RDU,LGA
SAV,BOS
CHS,CVG
GSP,LGA
LGA,LEX
CVG,MHT
LEX,LGA
CVG,STL
DCA,CVG
BGR,CVG
CVG,BGR
ROC,JFK
CHS,LGA
GSO,CVG
CVG,IND
CVG,GSO
IND,CVG
CVG,PWM
BWI,JFK
CVG,SGF
CVG,ROC
CVG,MCI
CVG,BOS
BWI,CVG
ATL,SDF
BOS,BWI
BWI,BOS
LGA,GSP
DFW,CVG
PVD,JFK
JAX,LGA
SRQ,CVG
CVG,SRQ
GRR,CVG
SDF,CVG
LGA,JAX
JFK,ROC
PHL,BOS
PVD,CVG
CVG,MDT
SDF,BOS
BOS,SDF
JFK,ORD
CVG,TYS
CVG,ABE
CVG,TUL
BTV,CVG
CLE,JFK
CVG,CMH
LGA,CMH
BOS,RDU
SAT,CVG
CVG,SDF
BOS,GSO
PIT,CVG
CVG,MIA
CLT,CVG
LGA,TYS
TYS,LGA
LEX,CVG
JFK,CMH
VPS,LGA
LGA,VPS
BTR,ATL
BOS,JFK
JFK,BOS
JFK,BWI
DTW,JFK
LGA,HSV
HSV,LGA
PIT,JFK
RIC,CVG
LGA,CVG
CMH,JFK
JFK,BTV
CLT,LGA
JFK,CVG
PHL,JFK
GSO,LGA
LGA,SAV
SAV,LGA
BTV,JFK
DAB,LGA
LGA,DAB
CVG,CLT
JAN,CVG
BNA,BOS
JFK,PWM
JFK,CLE
BOS,JAX
DCA,HSV
HSV,DCA
IAD,DCA
SGF,ATL
BOS,DCA
DCA,BOS
ATL,BTR
DAY,ATL
ATL,CMH
CMH,ATL
GSP,MCO
MCO,GSP
RSW,CMH
CVG,RIC
CMH,RSW
CVG,ATW
COS,CVG
CVG,ORF
JAX,CVG
CVG,HSV
JFK,ORF
CVG,FSD
BOS,CVG
CVG,PVD
SYR,JFK
MHT,CVG
CVG,HPN
BHM,LGA
ATL,MHT
CVG,SAT
BOS,ORF
FWA,ATL
ATL,FWA
ATW,CVG
AVP,CVG
JFK,SYR
ATL,DAY
CVG,OMA
CMH,BOS
MHT,ATL
RIC,JFK
JFK,ATL
AUS,CVG
BOS,SAV
LAN,CVG
CVG,AVP
VPS,CVG
BOS,CMH
LGA,MSY
MSY,LGA
CVG,CHA
CLE,CVG
ATL,JFK
ATL,PHL
PHL,ATL
JAX,BOS
GSO,BOS
FLL,CVG
ATL,SGF
MDT,ATL
CHS,BOS
AUS,ATL
LEX,ATL
CVG,RSW
ATL,CVG
SAV,CVG
CVG,TRI
ATL,MDW
GSO,ATL
CVG,BTV
LGA,BHM
SDF,ATL
RSW,CVG
ATL,ABE
JFK,RIC
CVG,VPS
CVG,LAN
ATL,AUS
CAE,CVG
CRW,CVG
CVG,CAE
CVG,CRW
CVG,MSY
MSY,CVG
ABE,ATL
MDT,CVG
TRI,CVG
CVG,JAN
GSO,MCO
JFK,IND
CVG,CAK
CAK,CVG
BOS,BGR
BGR,BOS
ROA,CLT
ABE,JFK
ALB,JFK
ACY,LGA
MCO,CVG
TYS,AUS
DTW,ORD
BHM,AUS
PVD,BOS
TPA,LGA
LGA,TPA
ATL,BHM
BHM,ATL
ATL,MSP
ATL,COS
MKE,ATL
BNA,ATL
ATL,GSP
MSP,ATL
GSP,ATL
BUF,ATL
ATL,BUF
MEM,ATL
ATL,BNA
MKE,MSP
MSP,MKE
SAT,MCI
MCI,SAT
MCI,PIT
MKE,PIT
PIT,MKE
PIT,MCI
BDL,MKE
MKE,BDL
MKE,MSN
CMH,MKE
MKE,PHL
PHL,MKE
MKE,CMH
MCI,CMH
CMH,MCI
MSN,MKE
MKE,OMA
OMA,MKE
MSN,MCI
MCI,MSN
RDU,MKE
MKE,RDU
MKE,CLT
CLT,MKE
MKE,BWI
BWI,MKE
COS,MCI
MCI,COS
SLC,TWF
TWF,SLC
SUN,SLC
PIH,SLC
SLC,PIH
SLC,SUN
SLC,COD
EKO,SLC
SLC,EKO
SGU,SLC
SLC,SGU
COD,SLC
CPR,SLC
SLC,CPR
SLC,YUM
BUR,SLC
SLC,BUR
PSC,SLC
SLC,PSC
DRO,SLC
SLC,SBA
SLC,ELP
SLC,BFL
OMA,SLC
BTM,SLC
SLC,BTM
SLC,BIL
TUS,SLC
SLC,FAR
GJT,SLC
SLC,GJT
SLE,SLC
SLC,TUS
IDA,SLC
COS,ATL
SLC,IDA
SLC,SFO
SLC,OMA
SLC,BZN
SLC,LGB
SNA,SLC
SLC,MSO
SLC,SJC
SJC,SLC
HLN,SLC
SLC,PSP
FCA,SLC
SLC,FCA
SLC,HLN
MSO,SLC
GTF,SLC
SLC,GTF
LWS,SLC
YKM,SLC
FAT,SLC
SLC,RAP
RAP,SLC
BZN,SLC
SLC,LWS
SLC,YKM
SLC,TUL
BFL,SLC
ELP,SLC
SLC,DRO
SLC,FAT
SLC,SLE
BIL,SLC
SLC,XNA
LGB,SLC
SLC,MRY
YUM,SLC
RDM,SLC
SLC,RDM
SLC,SMF
SMF,SLC
SLC,MFR
SLC,SNA
TUL,SLC
SFO,SLC
SLC,SBP
ATL,MKE
COS,SLC
SBA,SLC
SLC,COS
SLC,BLI
SBP,SLC
PSP,SLC
FSD,SLC
FAR,SLC
MFR,SLC
SLC,FSD
ATL,MEM
MKE,SLC
SLC,JAC
SLC,MSP
SLC,ASE
SLC,SAT
AUS,SLC
JAC,SLC
BHM,SLC
MSP,SLC
SLC,CMH
CMH,SLC
HDN,SLC
SLC,HDN
SLC,CLE
SLC,BHM
BNA,SLC
DFW,SLC
ASE,SLC
SLC,AUS
SLC,BNA
MSY,SLC
SLC,DFW
SLC,MKE
SLC,LIT
CLE,SLC
LIT,SLC
SLC,SAN
SAN,SLC
MTJ,SLC
SLC,MTJ
LAX,SBA
SBA,LAX
SFO,SMF
LAX,SNA
SNA,LAX
LAX,MRY
MRY,LAX
BFL,LAX
LAX,BFL
IYK,LAX
LAX,IYK
LAX,PSP
PSP,LAX
LAX,ONT
ONT,LAX
LAX,SMX
SMX,LAX
MFR,SFO
SFO,MFR
SBP,SFO
SFO,SBP
SFO,FAT
SMF,SFO
MRY,SFO
SFO,MRY
ACV,SFO
SFO,ACV
FAT,LAX
LAX,OXR
OXR,LAX
LAX,SBP
SBP,LAX
FAT,SFO
BFL,SFO
SFO,BFL
RDD,SFO
SFO,RDD
SFO,SBA
SBA,SFO
LAX,FAT
SBA,SJC
SJC,SBA
PDX,MFR
CEC,ACV
EUG,PDX
PDX,EUG
LAX,SGU
SGU,LAX
SFO,MOD
MOD,SFO
LAX,YUM
SFO,RDM
MFR,PDX
SFO,CEC
RDM,SFO
YUM,LAX
CIC,SFO
SFO,CIC
IPL,LAX
YUM,IPL
CLD,LAX
LAX,CLD
PDX,SEA
LAX,MOD
MOD,LAX
SEA,PDX
PDX,RDM
RDM,PDX
IPL,YUM
LAX,IPL
CEC,SFO
LEX,ORD
ORD,LEX
BTV,ORD
ORD,BTV
OMA,ORD
ORD,OMA
MKE,ORD
ORD,MKE
DEN,PSP
ORD,SDF
SDF,ORD
DEN,GRR
GRR,DEN
DEN,FCA
DEN,ICT
ORD,HDN
ICT,DEN
ELP,DEN
DFW,ORD
ORD,DFW
ASE,LAX
MEM,ORD
FAR,DEN
LAX,ASE
ASE,ORD
BOI,ORD
ORD,PIA
XNA,ORD
SFO,BUR
ORD,ASE
ORD,SGF
ORD,LNK
ORD,IND
PIA,ORD
MLI,ORD
DEN,LNK
BZN,DEN
DEN,BZN
DEN,GUC
GUC,DEN
BZN,ORD
ORD,BOI
TUL,ORD
AZO,ORD
ORD,AZO
AUS,ORD
BHM,DEN
HPN,ORD
ORD,TUL
SFO,PSP
CRW,ORD
ORD,CRW
ORD,TYS
TYS,ORD
FAR,ORD
ORD,FAR
ICT,ORD
ORD,ICT
ORD,MEM
DEN,IDA
DEN,MSN
IND,ORD
HDN,ORD
ORD,XNA
SGF,ORD
ORD,MLI
ORD,HPN
DEN,BFL
BFL,DEN
ORD,DTW
MLI,DEN
LNK,ORD
DEN,BHM
RNO,SFO
PSP,DEN
DEN,PIA
PIA,DEN
DEN,FAT
FAT,DEN
EUG,DEN
DEN,SGF
DFW,LAX
LAX,DFW
SFO,RNO
BUR,SFO
DAY,DEN
DEN,DAY
ONT,SFO
SFO,ONT
COS,SFO
SFO,EUG
BOI,SFO
SFO,SNA
SNA,SFO
LNK,DEN
SFO,TUS
PSP,SFO
TUS,SFO
EUG,SFO
SFO,COS
SFO,BOI
ABQ,SFO
FCA,DEN
SFO,PMD
SFO,ABQ
LAX,COS
ORD,SLC
PMD,SFO
COS,LAX
IDA,DEN
BUR,DEN
BIS,DEN
DEN,BIS
DEN,PSC
MKE,DEN
TUS,DEN
DEN,TUL
TUL,DEN
DEN,GTF
DEN,TUS
FSD,DEN
DEN,HSV
HSV,DEN
BIL,DEN
DEN,BIL
DEN,MEM
DEN,TYS
DEN,MFR
MFR,DEN
GTF,DEN
MEM,DEN
SGF,DEN
DEN,MLI
DEN,BOI
PSC,DEN
DEN,CID
DEN,BUR
DEN,FSD
DEN,SBA
CID,DEN
BOI,DEN
DEN,EUG
DEN,FAR
ORD,BZN
DEN,RFD
RFD,DEN
XNA,DEN
SBA,DEN
DEN,ELP
DEN,MSO
MSO,DEN
DEN,MRY
DEN,XNA
DEN,MKE
MRY,DEN
TYS,DEN
XNA,ATL
ATL,XNA
MRY,SLC
XNA,SLC
DSM,SLC
SLC,DSM
BLI,SLC
SAT,SLC
SLC,ATL
ACV,SMF
SMF,ACV
ACV,CEC
DAY,ORD
ORD,DAY
ATL,STL
STL,ATL
ATL,HOU
HOU,ATL
SLC,MSY
SFO,SMX
CIC,FAT
COS,FAT
PSP,FAT
EUG,FAT
RDD,SMF
ASE,SFO
SFO,ASE
EKO,TWF
SLE,TWF
ONT,GJT
LWS,BOI
BIL,PIH
RDM,IDA
PSC,TWF
SLC,PIT
MSY,TWF
DTW,SLC
SLC,DTW
SLC,ORD
PIT,SLC
SFO,TWF
SBP,MRY
DEN,DSM
ORD,GJT
DEN,ORD
SFO,BZN
BZN,SFO
LAX,MTJ
MTJ,LAX
ATL,MTJ
MTJ,ATL
MOD,BFL
SAT,AMA
SLC,CDC
CDC,SLC
DEN,OMA
EUG,MFR
DEN,IAH
MEM,BHM
ORD,DEN
XNA,COS
GJT,ORD
RDU,GRB
CLT,ATW
EWR,GRB
ACV,MRY
DEN,HLN
RDD,SBA
MFR,RDD
SBA,MRY
MOD,RNO
CIC,MRY
ORD,BIL
ICT,COS
MKE,ABE
ASE,MSN
CLT,GRR
TWF,SUN
SGU,PIH
RAP,TWF
MSO,PIH
LWS,IDA
MFR,TWF
FAT,TWF
FCA,IDA
YUM,GJT
BZN,IDA
RNO,PIH
JAC,IDA
TUL,PIA
ICT,PIA
XNA,LEX
FSD,GRB
CDC,SGU
SGU,CDC
SJC,SMX
LGB,TWF
FAT,OGD
PSP,GJT
BUR,TUS
MFR,MOD
ACV,SJC
SFO,DEN
DSM,RFD
HPN,PIT
DEN,GEG
LAX,GJT
BIS,RAP
PSP,TWF
TUL,GJT
BOI,GJT
SFO,IDA
MSP,SPI
FSD,MSN
SMF,SBA
ATW,XNA
BNA,COS
BOI,PIT
ORD,HNL
HNL,ORD
KOA,ORD
OGG,KOA
ORD,OGG
SFO,JFK
JFK,SFO
LAX,JFK
ORD,JAC
JFK,LAX
DEN,SFO
SEA,SFO
SFO,OGG
OGG,SFO
MCO,SFO
SEA,ORD
SFO,LIH
HNL,DEN
CLT,DEN
DEN,HNL
LAX,IAD
OGG,LAX
LAX,OGG
IAD,LAX
DEN,SJC
KOA,SFO
SFO,EWR
LAX,KOA
SFO,ORD
SFO,KOA
KOA,LAX
LIH,SFO
SFO,SEA
MSP,DEN
LAX,MCO
LIH,LAX
LAX,LIH
LAX,ORD
OGG,DEN
DEN,OGG
HNL,SFO
SFO,HNL
SFO,IAD
PDX,SFO
LAX,HNL
HNL,LAX
EWR,SFO
EWR,LAX
LAX,EWR
DEN,SAN
PHL,DEN
SJC,DEN
ORD,LAX
OMA,DEN
DEN,BOS
ORD,ALB
LGA,ORD
OAK,IAD
IAD,ORD
JAX,ORD
ORD,SEA
ORD,MSP
SMF,ORD
OAK,ORD
ORD,JAX
STL,DEN
ORD,PHL
RIC,ORD
ORD,SFO
MSP,ORD
ATL,SFO
DCA,DEN
BOS,DEN
DEN,IAD
SAN,ORD
DEN,SNA
ORD,OAK
LAX,BOS
BOS,LAX
CMH,ORD
SFO,BOS
BOS,SFO
ORD,RIC
DEN,PIT
SFO,PHL
PHL,SFO
IAD,SFO
LAX,PHL
PHL,LAX
IAD,SEA
BWI,ORD
ORD,BOS
PHL,ORD
PDX,IAD
DEN,CMH
SEA,IAD
PDX,DEN
IAD,PDX
MSY,IAD
SMF,IAD
IAD,SAN
ALB,ORD
DFW,DEN
SAN,IAD
SJC,IAD
IAD,SJC
ORD,PVD
DEN,DFW
DEN,STL
SNA,DEN
BOS,ORD
MSY,ORD
SAT,SFO
DEN,PHL
JAC,DEN
ORD,IAD
PVD,ORD
PIT,DEN
MCO,LAX
SFO,SAT
BWI,LAX
LAX,BWI
SFO,ATL
IAD,OAK
IAD,SMF
SFO,MCO
SFO,BWI
BWI,SFO
IAD,DEN
IND,DEN
CMH,DEN
LGA,DEN
ORD,PDX
ORD,CMH
ORD,BWI
SFO,PDX
ORD,SAN
DEN,PDX
ORD,SJC
GEG,ORD
DEN,LGA
LAX,MSY
ORD,MSY
DEN,JAC
DTW,DEN
SAN,DEN
DEN,MSP
ORD,SNA
JAC,ORD
SFO,AUS
DEN,SMF
IAH,SFO
SFO,IAH
ORD,SMF
DEN,CLT
SMF,DEN
DEN,EWR
DEN,IND
GEG,DEN
SNA,ORD
SFO,DFW
PDX,ORD
MSY,LAX
IAD,MSY
DEN,DCA
ORD,PHX
ORD,STL
ORD,GEG
SJC,ORD
EWR,DEN
DFW,SFO
RDU,DEN
DEN,DTW
ORD,LGA
ORD,DCA
DCA,ORD
AUS,SFO
SFO,PHX
ABQ,IAD
IAD,ABQ
DEN,RDU
PHX,IAD
IAD,PHX
IAD,STT
SJU,IAD
STT,SJU
LAX,JAC
JAC,LAX
MCO,ORD
ORD,MCO
ORD,FLL
DEN,LIH
LIH,DEN
FLL,ORD
HNL,SEA
SEA,HNL
KOA,DEN
DEN,KOA
SAN,HNL
HNL,SAN
SJU,ORD
ORD,STT
IAD,MIA
MIA,IAD
PBI,ORD
ORD,PBI
TPA,ORD
ORD,TPA
PHX,ORD
RNO,DEN
ONT,DEN
DEN,FLL
DEN,ONT
PHX,SFO
DEN,MIA
MSY,DEN
DEN,MSY
IAD,FLL
MIA,DEN
LAS,ORD
ORD,LAS
DEN,RNO
FLL,DEN
FLL,IAD
IAD,SJU
ORD,SJU
ABE,CLT
ALB,DCA
ALB,PHL
ANC,LAS
ANC,PHX
ATL,LAS
ATL,PHX
BDL,DCA
BDL,PHL
BDL,PHX
BOI,PHX
BOS,CLT
BOS,LAS
BOS,LGA
BOS,PHX
BOS,PIT
BOS,SJU
BUF,DCA
BUF,PHL
BWI,PHL
CLE,PHX
CLT,ABE
CLT,BOS
CLT,DCA
CLT,FLL
CLT,LAS
CLT,LAX
CLT,MCO
CLT,MHT
CLT,MIA
CLT,PBI
CLT,PHL
CLT,PHX
CLT,RSW
CLT,SAN
CLT,SEA
CLT,SFO
CLT,SJU
CLT,STT
CLT,TPA
DCA,ALB
DCA,BDL
DCA,BUF
DCA,CLT
DCA,FLL
DCA,JAX
DCA,LAS
DCA,LGA
DCA,MCO
DCA,MHT
DCA,PBI
DCA,PHL
DCA,PHX
DCA,PIT
DCA,PVD
DCA,RSW
DCA,SYR
DCA,TPA
DFW,LAS
DFW,PHL
DFW,PHX
DTW,LAS
EWR,LAS
EWR,PHX
FLL,CLT
FLL,DCA
FLL,LAS
FLL,PHX
FLL,PIT
GEG,PHX
HNL,PHX
JAX,DCA
JFK,LAS
JFK,PHX
KOA,PHX
LAS,ANC
LAS,ATL
LAS,BOS
LAS,CLT
LAS,DCA
LAS,DFW
LAS,DTW
LAS,EWR
LAS,FLL
LAS,JFK
LAS,MIA
LAS,MSP
LAS,PBI
LAX,CLT
LAX,PIT
LGA,BOS
LGA,DCA
LGA,PIT
LIH,PHX
MCO,CLT
MCO,DCA
MHT,CLT
MIA,CLT
MIA,LAS
MIA,PHL
MKE,PHX
MSP,LAS
MSP,PHX
MSY,PHL
OGG,PHX
PBI,CLT
PBI,DCA
PBI,LAS
PBI,PIT
PHL,ALB
PHL,BDL
PHL,BUF
PHL,BWI
PHL,CLT
PHL,DCA
PHL,DFW
PHL,DTW
PHL,IND
PHL,MIA
PHL,MSY
PHL,ORF
PHL,RIC
PHL,SAN
PHL,SEA
PHL,SJU
PHL,STT
PHL,SYR
PHX,ANC
PHX,ATL
PHX,BDL
PHX,BOI
PHX,BOS
PHX,CLE
PHX,CLT
PHX,DCA
PHX,DFW
PHX,EWR
PHX,FLL
PHX,GEG
PHX,HNL
PHX,JFK
PHX,KOA
PHX,LIH
PHX,MKE
PHX,MSP
PHX,OGG
PIT,BOS
PIT,DCA
PIT,FLL
PIT,LAX
PIT,LGA
PIT,PBI
PIT,RSW
PIT,SFO
PVD,DCA
RIC,PHL
RSW,CLT
RSW,DCA
RSW,PIT
SAN,CLT
SAN,PHL
SEA,CLT
SEA,PHL
SFO,CLT
SFO,PIT
SJU,BOS
SJU,CLT
SJU,PHL
STT,CLT
STT,PHL
SYR,DCA
TPA,CLT
TPA,DCA
DTW,PHL
MHT,DCA
SYR,PHL
PDX,PHL
PHL,PDX
CLT,EGE
CLT,STX
EGE,CLT
MIA,PIT
PIT,MIA
PIT,SJU
SJU,PIT
STX,CLT
DCA,MSY
MSY,DCA
ATL,PHF
PHF,ATL
MCO,ATL
MCO,JFK
ATL,CHS
SAV,ATL
CHS,ATL
ATL,RSW
FLL,ATL
BWI,ATL
ATL,BDL
MIA,ATL
ATL,OAK
JFK,MIA
CVG,ATL
JAX,ATL
ATL,BWI
JAN,ATL
FLL,BOS
ATL,TPA
ATL,MIA
ATL,MLB
IAD,SLC
BDL,ATL
ATL,LIT
LIT,ATL
MCI,ATL
ATL,SEA
SAN,ATL
SEA,ATL
ATL,SAN
CAE,ATL
MLB,ATL
ATL,PBI
TPA,SLC
ATL,RDU
ATL,MCO
TPA,ATL
SLC,IAD
ATL,MCI
ATL,SLC
ATL,SJC
MSY,ATL
ATL,SMF
ATL,RIC
ATL,JAX
RNO,ATL
CVG,MCO
ATL,LAX
CVG,SFO
ATL,PIT
LGA,RSW
RSW,BDL
BDL,RSW
SLC,DCA
ATL,DFW
LAX,ATL
ATL,DTW
IND,ATL
HSV,ATL
SLC,MCO
TLH,ATL
ATL,SAV
OAK,ATL
ATL,PDX
ATL,FLL
SJC,ATL
ATL,ROC
ATL,MSY
ORF,ATL
ATL,HNL
HNL,ATL
RIC,ATL
DTW,ATL
PDX,ATL
SLC,BOS
ATL,JAN
RSW,ATL
SLC,ANC
PBI,ATL
DAB,ATL
ATL,PNS
ABQ,ATL
SLC,CVG
ATL,ABQ
ATL,DAB
DFW,ATL
PBI,BDL
ATL,SAT
PNS,ATL
TPA,LAX
FLL,BDL
SMF,ATL
PHL,SLC
PIT,ATL
ATL,SNA
FLL,LGA
ATL,ORF
SAT,ATL
ATL,RNO
CVG,PDX
BDL,FLL
JFK,MCO
SLC,FLL
CVG,PHX
CVG,LAS
ATL,GPT
GPT,ATL
LGA,MCO
TYS,ATL
SLC,EWR
ELP,ATL
LAX,CVG
ATL,VPS
BOS,FLL
ATL,HSV
ATL,CAE
BDL,PBI
ATL,EGE
ATL,SRQ
SRQ,ATL
CVG,SLC
CVG,LAX
VPS,ATL
EWR,SLC
FLL,JFK
LGA,PBI
CVG,ABQ
PHX,CVG
ATL,TLH
ROC,ATL
ATL,HDN
HDN,ATL
BOS,SLC
MCO,LGA
JFK,TPA
SLC,PHL
PBI,BOS
SNA,ATL
LAX,TPA
BOS,PBI
SFO,CVG
PBI,LGA
SLC,HNL
HNL,SLC
LGA,FLL
TPA,JFK
BOS,RSW
RSW,BOS
ATL,TYS
MCO,BOS
BOS,MCO
JFK,FLL
TPA,BOS
BOS,TPA
EGE,ATL
DCA,ATL
ATL,DCA
SEA,JFK
MIA,JFK
JFK,SLC
SAN,JFK
JFK,SEA
SLC,JFK
JFK,SAN
JFK,PDX
PDX,JFK
SAN,CVG
ATL,SJU
SJU,ATL
ATL,STT
STT,ATL
ATL,IND
LGA,ATL
ATL,LGA
SLC,OGG
OGG,SLC
CVG,SAN
DCA,SLC
ATL,MOB
ATL,TUS
BOS,ATL
ATL,BOS
SLC,TPA
ONT,ATL
PDX,CVG
LAS,CVG
CVG,SEA
SEA,CVG
ATL,ONT
ANC,SLC
ATL,ELP
TUS,ATL
MCO,SLC
JFK,SJU
SJU,JFK
ABQ,CVG
SLC,RDU
RSW,LGA
FLL,SLC
SLC,CLT
CVG,SNA
SNA,CVG
MOB,ATL
RDU,SLC
CLT,SLC
LAX,BDL
BDL,LAX
ATL,JAC
JAC,ATL
LAX,FLL
JFK,DEN
DEN,JFK
FLL,LAX
JFK,STT
STT,JFK
SLC,LGA
LGA,SLC
ATL,BZN
BZN,ATL
CVG,JAC
JAC,CVG
LGA,HDN
HDN,LGA
EGE,CVG
CVG,EGE
JFK,HDN
HDN,JFK
RDU,LAX
LAX,RDU
ATL,HPN
ATL,MCN
ATL,VLD
ATL,SBN
ATL,PVD
DHN,ATL
ATL,AVL
TUL,ATL
HPN,ATL
OKC,ATL
MFE,ATL
TRI,ATL
ATL,CSG
ATL,TRI
ATL,ILM
ATL,OMA
PFN,ATL
PVD,ATL
ATL,SWF
ATL,BQK
ATL,CRW
ATL,BMI
ATL,DHN
ATL,ABY
ATL,OKC
ATL,ICT
TOL,ATL
CRW,ATL
ATL,ROA
AGS,ATL
ATL,AGS
SHV,ATL
MGM,ATL
ATL,MYR
CAK,ATL
GRR,ATL
ATL,CHA
CHA,ATL
ATL,TUL
ATL,MEI
FAY,ATL
ATL,MGM
HHH,ATL
EVV,ATL
ROA,ATL
ATL,AVP
ATL,ALB
MLI,ATL
ATL,FAY
ATL,EWN
ATL,MLI
CVG,AVL
ATL,CAK
BTR,CVG
CAE,LGA
DCA,JAN
ICT,ATL
ATL,SCE
BGR,ATL
GNV,ATL
JAN,DCA
ABY,ATL
ATL,CRP
ATL,LFT
AVL,ATL
ATL,EYW
ATL,MDT
FNT,ATL
OAJ,ATL
ATL,EVV
ATL,SHV
BQK,ATL
ATL,PFN
ATL,GNV
MYR,ATL
PIA,ATL
ATW,ATL
AEX,ATL
ATL,OAJ
OMA,ATL
CID,ATL
ATL,MSN
MSN,ATL
SWF,ATL
ATL,FNT
EWN,ATL
MEI,ATL
CRP,ATL
ATL,PWM
PWM,ATL
GRK,ATL
ATL,AEX
ILM,ATL
ATL,GRR
ATL,CHO
GTR,ATL
ALB,ATL
LFT,ATL
LYH,ATL
ATL,MFE
FSM,ATL
ATL,ATW
EYW,ATL
VLD,ATL
FSD,ATL
ATL,FSM
ATL,PIA
ATL,GRK
CSG,ATL
GRB,ATL
ISP,ATL
AVP,ATL
ATL,MLU
MLU,ATL
AVL,CVG
ATL,GRB
ATL,FLO
ATL,HHH
ATL,CID
CVG,BTR
ATL,TOL
ACY,ATL
ATL,BTV
BTV,ATL
ATL,ISP
ATL,LYH
ATL,GTR
BMI,ATL
MCN,ATL
CHO,ATL
ATL,TUP
TUP,ATL
SBN,ATL
FLO,ATL
LGA,CAE
ATL,ACY
SCE,ATL
ATL,FSD
ATL,BGR
DEN,SDF
FLL,MEM
DEN,RSW
JAX,DEN
MEM,FLL
MEM,MCO
MCO,MEM
BDL,DEN
RSW,DEN
DEN,JAX
DEN,PBI
PBI,DEN
DEN,CAK
CAK,DEN
SDF,DEN
DEN,BDL
BMI,MCO
BOS,CAK
BOS,PHF
BWI,DAY
BWI,MIA
BWI,PWM
BWI,ROC
BWI,SRQ
CAK,BOS
CAK,LGA
CAK,MCO
CAK,RSW
CAK,TPA
CLT,MDW
DAY,BWI
DAY,LAS
DAY,MCO
DAY,TPA
DFW,MCO
DTW,SRQ
FLL,GPT
FLL,HPN
FLL,IND
FLL,PHF
FLL,ROC
FNT,MCO
FNT,RSW
FNT,TPA
GPT,FLL
GPT,TPA
HPN,FLL
HPN,MCO
HPN,PBI
HPN,RSW
IND,FLL
IND,RSW
IND,SRQ
LAS,BMI
LAS,CAK
LAS,FNT
LAS,MKE
LGA,CAK
LGA,PHF
MCO,BMI
MCO,CAK
MCO,DAY
MCO,DFW
MCO,FNT
MCO,HPN
MCO,MKE
MCO,MSP
MCO,PHF
MCO,PWM
MCO,RIC
MCO,ROC
MCO,SWF
MDW,CLT
MDW,MIA
MDW,MSP
MDW,SRQ
MIA,BWI
MIA,MDW
MKE,LAS
MKE,MCO
MKE,RSW
MKE,TPA
MLI,LAS
MSP,MCO
MSP,MDW
PBI,HPN
PBI,SWF
PHF,BOS
PHF,FLL
PHF,LGA
PHF,MCO
PWM,BWI
PWM,MCO
RIC,MCO
ROC,BWI
ROC,FLL
ROC,LAS
ROC,MCO
ROC,TPA
RSW,CAK
RSW,FNT
RSW,HPN
RSW,IND
RSW,MKE
SRQ,BWI
SRQ,DTW
SRQ,IND
SRQ,MDW
SRQ,STL
STL,SRQ
SWF,MCO
SWF,PBI
SWF,TPA
TPA,CAK
TPA,DAY
TPA,FNT
TPA,GPT
TPA,MKE
TPA,ROC
TPA,SWF
BMI,LAS
CAK,LAS
FNT,LAS
LAS,DAY
LAS,MLI
LAS,ROC
MCO,MLI
MLI,MCO
MCO,SAN
SAN,MCO
MCI,MIA
MIA,MCI
LAS,HNL
HNL,LAS
SMF,HNL
HNL,SMF
PDX,HNL
HNL,PDX
SEA,OGG
OGG,SEA
SAN,OGG
OGG,SAN
PDX,OGG
OGG,PDX
SJC,HNL
HNL,SJC
ITO,OGG
OGG,ITO
KOA,OGG
LIH,OGG
XNA,LAX
LAX,XNA
TYR,DFW
DFW,LAW
LAW,DFW
DFW,TYR
GRK,DFW
DFW,GRK
AEX,DFW
DFW,AEX
SPS,DFW
DFW,CLL
ABI,DFW
DFW,ABI
DFW,TXK
CLL,DFW
DFW,LFT
DFW,ACT
GGG,DFW
MLU,DFW
DFW,SPS
LFT,DFW
ACT,DFW
SJT,DFW
DFW,SJT
TXK,DFW
DFW,GGG
DFW,SHV
SHV,DFW
DFW,MLU
LRD,DFW
DFW,LRD
MOB,DFW
DFW,XNA
DFW,AMA
VPS,DFW
DFW,VPS
LIT,DFW
DFW,LIT
PIT,DFW
DFW,PIT
FSM,DFW
CID,DFW
DFW,FNT
GPT,DFW
DFW,SGF
SGF,DFW
DFW,GPT
MSN,DFW
DFW,TYS
TYS,DFW
CAE,DFW
DFW,MAF
LBB,DFW
DFW,LBB
BTR,DFW
DFW,BTR
DFW,HSV
DFW,FSM
DFW,MOB
HOU,DFW
DFW,HOU
DFW,CAE
CRP,DFW
DFW,CRP
ICT,DFW
DFW,ICT
MAF,DFW
AMA,DFW
DFW,PNS
PNS,DFW
XNA,DFW
PIA,DFW
CMI,DFW
DFW,CMI
CHA,DFW
DFW,FWA
DFW,CHA
CHS,DFW
DFW,SDF
DFW,CHS
SDF,DFW
DFW,SBA
SBA,DFW
HSV,DFW
DFW,JAN
DFW,CID
DFW,LEX
JAN,DFW
GSP,DFW
LEX,DFW
OKC,DFW
GSO,DFW
DFW,GSO
DFW,PIA
DFW,OKC
FNT,DFW
ROC,DFW
DFW,CMH
CMH,DFW
DFW,MKE
MKE,DFW
MDT,DFW
DFW,DSM
DSM,DFW
DFW,ORF
ORF,DFW
DFW,GSP
TUL,DFW
DFW,TUL
DFW,MSN
DFW,EVV
GRR,DFW
DFW,GRR
ROW,DFW
DFW,ROW
SAV,DFW
DFW,SAV
MLI,DFW
FWA,DFW
EVV,DFW
SYR,DFW
DFW,MDT
DFW,SYR
DFW,MLI
MTJ,DFW
DFW,MTJ
CMH,MIA
MIA,CMH
FNT,ORD
ORD,CMI
CMI,ORD
MIA,RIC
ORD,SHV
MOB,ORD
ORD,MOB
ORD,LIT
LIT,ORD
GRB,MQT
ORD,EVV
EVV,ORD
ORD,RST
RST,ORD
MQT,ORD
ORD,MQT
ORD,CHA
ORD,LSE
LSE,ORD
ORD,FNT
ORD,DBQ
ORD,GPT
GPT,ORD
JAN,ORD
ORD,JAN
MKE,MQT
MQT,MKE
CHA,ORD
MIA,IND
IND,MIA
MIA,GSO
ORF,MIA
MIA,ORF
DBQ,ORD
HSV,ORD
ORD,BTR
RIC,MIA
MIA,MEM
ORD,HSV
TOL,ORD
ORD,PNS
GSO,MIA
PNS,ORD
ORD,TOL
MIA,SDF
SDF,MIA
BTR,ORD
MQT,GRB
ORD,VPS
VPS,ORD
MEM,MIA
SHV,ORD
XNA,MIA
MIA,XNA
CLE,MIA
MIA,CLE
RDU,SDF
SDF,RDU
RDU,XNA
XNA,RDU
DCA,BNA
BNA,DCA
XNA,DCA
DCA,XNA
DCA,RDU
RDU,DCA
BDL,RDU
RDU,BDL
CMH,RDU
RDU,CMH
BNA,STL
SGF,STL
STL,BNA
STL,SGF
DSM,LGA
LGA,DSM
LGA,XNA
MSN,LGA
LGA,SDF
SDF,LGA
LGA,DTW
LGA,MSN
XNA,LGA
FNT,LGA
LGA,FNT
DTW,LGA
MEM,LGA
LGA,MEM
MSP,LGA
BOS,MSP
LGA,MSP
MSP,BWI
MSP,DLH
MSP,RSW
RSW,MSP
RST,MSP
MSP,GFK
FSD,MSP
GFK,MSP
MSP,FSD
MSP,SNA
SNA,MSP
BWI,MSP
IAD,MSP
MSP,PVD
MSP,RDU
MSP,GRB
SEA,MSP
MSP,SEA
MEM,MSP
MSP,IND
MEM,LAS
LAS,MEM
MEM,DCA
DCA,MEM
LAX,MEM
MEM,LAX
BWI,MEM
SAN,MSP
MSP,SAN
MSP,DCA
MSP,JFK
MSP,DTW
MSN,MSP
MSP,SJC
PHL,MSP
IND,MSP
SJC,MSP
MSP,JAX
MEM,STL
LIT,MEM
DTW,SEA
SEA,DTW
BOS,DTW
MSP,PDX
PDX,MSP
MSP,SFO
SFO,MSP
DTW,DCA
DCA,DTW
DTW,FNT
GRB,DTW
GRR,DTW
DTW,MSN
MSN,DTW
FLL,DTW
DTW,FLL
DTW,CMH
BDL,DTW
DTW,LAN
DTW,TVC
MEM,LIT
STL,MEM
DTW,SAN
SAN,DTW
GRB,MSP
MEM,BOS
MEM,DTW
BOS,MEM
DTW,MEM
MEM,MSY
DTW,BDL
MSP,RST
MSY,MEM
MEM,IND
DTW,MBS
LAX,MSP
MSP,BDL
MSP,LAX
MBS,DTW
BIS,MSP
JFK,MSP
MEM,BWI
DTW,GRB
LAX,DTW
DTW,LAX
DTW,BOS
SFO,DTW
DTW,RDU
DTW,SFO
MCI,MEM
MEM,MCI
MSP,OMA
DCA,MSP
MSP,BOS
MKE,DTW
DTW,AZO
SMF,MSP
CMH,MSP
GRR,MSP
MSP,SMF
DFW,MSP
FAR,MSP
MSP,DFW
RAP,MSP
DTW,MSP
MSP,TPA
TPA,MSP
BZN,MSP
MSP,BIS
MSP,MEM
CID,MSP
BHM,MEM
DTW,PDX
PDX,DTW
MCI,DTW
DTW,SDF
DTW,PIT
BUF,DTW
DTW,MKE
DTW,TPA
TPA,DTW
FNT,DTW
BIL,MSP
JAX,MSP
DTW,GRR
MSP,PHL
MSP,MSN
MSP,MIA
MIA,MSP
BOI,MSP
MSP,ANC
MSP,FAR
MSP,GEG
GEG,MSP
BDL,MSP
LAN,MSP
MSP,LAN
MSP,ABQ
ABQ,MSP
SAT,MEM
BNA,MEM
LAN,DTW
IND,LGA
LGA,IND
MSP,COS
MSP,RAP
IND,MEM
MEM,DFW
MEM,SAT
DFW,DTW
ALB,DTW
DTW,DFW
PVD,DTW
MHT,DTW
DTW,MHT
DTW,BUF
SYR,DTW
DTW,SYR
LAX,IND
IND,LAX
MSP,IAD
MSP,CMH
MSP,MOT
MOT,MSP
KOA,SEA
HNL,MSP
MSP,HNL
DFW,MEM
DTW,ROC
ROC,DTW
ANC,MSP
SDF,MSP
MSP,SDF
TPA,MEM
MEM,TPA
MEM,MKE
MSP,TUS
TUS,MSP
PVD,MSP
PBI,DTW
DTW,PBI
DTW,MCI
VPS,MEM
BTR,MEM
JAX,MEM
MKE,MEM
MEM,VPS
PIT,DTW
SEA,MEM
MEM,SEA
MIA,DTW
DTW,MIA
MSP,GRR
DTW,IND
IND,DTW
OMA,MSP
SAT,MSP
FLL,MSP
MSP,FLL
COS,MSP
MSP,BIL
PIT,MSP
MSP,PIT
DTW,SAT
SAT,DTW
DTW,ALB
MSP,SAT
MSP,MCI
DTW,RSW
RSW,DTW
AZO,DTW
MSP,HDN
BNA,MSP
MSP,BNA
DLH,MSP
TVC,DTW
MSP,STL
LSE,MSP
TVC,MSP
MEM,BNA
MSP,BZN
RDU,MSP
MSP,BOI
MSP,SJU
SJU,MSP
DTW,ORF
DTW,BHM
OKC,MEM
MEM,CMH
MSP,LSE
DTW,PVD
ORF,DTW
STL,MSP
AZO,MSP
MSP,MSO
MSO,MSP
MSP,BUF
BUF,MSP
MEM,BTR
MEM,OKC
MCI,MSP
MEM,JAX
OMA,MEM
MEM,OMA
CMH,DTW
DTW,JAX
JAX,DTW
SJU,DTW
DTW,SJU
HDN,MSP
IAH,DTW
DTW,IAH
MSP,EGE
EGE,MSP
AUS,MSP
MSP,AUS
RDU,DTW
MSP,TVC
MSP,CID
LIT,MSP
SDF,DTW
DSM,DTW
AUS,MEM
MEM,AUS
CMH,MEM
DTW,STT
MSP,LIT
DTW,DSM
DSM,MSP
MSP,DSM
MSP,PSP
PSP,MSP
GRR,MCO
MCO,GRR
MEM,SJU
SJU,MEM
CHO,CVG
GSP,CVG
GSO,JAX
SUX,MSP
MSP,RHI
MSP,ORF
ORF,MSP
MSP,ALB
GTF,MSP
MSP,OKC
MSP,IDA
IDA,MSP
TYS,DTW
XNA,MEM
MEM,JAN
MEM,MOB
MSP,SUX
DTW,DLH
FWA,DTW
MSP,CMX
MSP,MDT
MDT,MSP
MSP,TYS
DTW,SBN
MSP,DAY
MSP,AVL
AVL,MSP
DTW,GSO
GSO,DTW
DTW,PWM
SCE,DTW
MDT,DTW
DTW,SWF
DTW,FWA
SWF,DTW
HSV,DTW
DTW,HSV
DAY,DTW
DTW,AVP
AVP,DTW
JAN,DTW
ABE,DTW
DTW,ABE
DTW,JAN
DTW,GSP
HPN,DTW
DTW,HPN
DTW,RIC
SBN,DTW
CID,DTW
DTW,CID
PWM,DTW
RIC,DTW
DTW,BGR
BGR,DTW
DTW,DAY
DTW,LNK
LNK,DTW
DTW,CWA
AVL,DTW
DTW,AVL
DTW,BGM
DTW,SCE
DTW,PLN
PLN,DTW
DTW,RST
DTW,ERI
RST,DTW
BGM,DTW
DTW,OKC
XNA,DTW
DTW,XNA
DTW,MLI
MLI,DTW
DTW,CAE
CAE,DTW
DTW,ATW
DTW,ROA
OKC,DTW
GRR,DCA
DCA,GRR
GSP,DTW
DTW,PIA
CHS,DTW
DTW,CHS
BTV,DTW
DTW,BTV
DTW,SAV
SAV,DTW
DTW,TYS
ERI,DTW
TUL,DTW
DTW,TUL
CAK,DTW
DTW,CAK
PIA,DTW
BHM,DTW
DTW,MYR
MYR,DTW
FCA,MSP
MSP,FCA
OKC,MSP
CPR,MSP
MSP,MLI
ALO,MSP
MSP,ALO
MSP,AZO
ROC,MSP
MSP,ROC
SGF,MSP
MSP,SGF
CMX,MSP
MSP,HLN
HLN,MSP
GRR,LGA
LGA,GRR
IND,RDU
RDU,IND
MSP,GSO
BDL,IND
IND,BDL
DAY,MSP
MSP,CPR
IND,BOS
BOS,IND
IND,DCA
DCA,IND
IND,PHL
GSO,MSP
MSP,SBN
ALB,MSP
MSP,XNA
XNA,MSP
TYS,MSP
RHI,MSP
MLI,MSP
MSP,LNK
LNK,MSP
SBN,MSP
ICT,MSP
MSP,ICT
MSP,FNT
FNT,MSP
MSP,GTF
MSP,RIC
RIC,MSP
TUL,MSP
MSP,TUL
MEM,TYS
SHV,MEM
HSV,MEM
MEM,HSV
MEM,SGF
PIT,MEM
MEM,PIT
TLH,MEM
MEM,TUL
PNS,MEM
SGF,MEM
MEM,EVV
MEM,MLI
RDU,MEM
MEM,RDU
MLI,MEM
MEM,XNA
MEM,PNS
MSN,MEM
MEM,GPT
GPT,MEM
CHA,MEM
MEM,SHV
TYS,MEM
DSM,MEM
FSM,MEM
JAN,MEM
MOB,MEM
MEM,FSM
MEM,TLH
SDF,MEM
MEM,RIC
CHS,MEM
MEM,CHS
SAV,MEM
TUL,MEM
GSP,MEM
MEM,GSP
MEM,PFN
MEM,SDF
PFN,MEM
RIC,MEM
CLE,MEM
MEM,CLE
MEM,DSM
GSO,MEM
MEM,MSN
DTW,ELM
EVV,DTW
DTW,EVV
LIT,DTW
DTW,LIT
ATW,DTW
SGF,DTW
DTW,SGF
DLH,DTW
DTW,SHV
SHV,DTW
ELM,DTW
CWA,DTW
ROA,DTW
OMA,DTW
DTW,OMA
DTW,LEX
LEX,DTW
DTW,MDT
ICT,MEM
MEM,MGM
MEM,ICT
MGM,MEM
EVV,MEM
MEM,RSW
RSW,MEM
MEM,GRR
MEM,CHA
GRR,MEM
MEM,PHL
PHL,MEM
CAE,MEM
MEM,CAE
MEM,SAV
MEM,GSO
DFW,HNL
OGG,DFW
DFW,OGG
HNL,DFW
LAX,MIA
BOS,SAN
SAN,BOS
LAX,SJU
SJU,LAX
MIA,LAX
SFO,MIA
ORD,MIA
MIA,ORD
DFW,RDU
DFW,TPA
SAT,DFW
DFW,BWI
RSW,DFW
STL,SNA
DFW,RSW
TUS,DFW
DFW,STL
DFW,DCA
ABQ,DFW
DFW,BHM
DFW,BNA
DFW,BDL
RIC,DFW
OMA,DFW
DCA,DFW
DFW,FAT
ELP,ORD
STL,DFW
BUR,DFW
DFW,MCI
DFW,ONT
BDL,DFW
DFW,SNA
DFW,SAT
IND,DFW
EWR,DFW
DFW,ABQ
SJU,TPA
DFW,ELP
JFK,DFW
DFW,MFE
JAX,DFW
DFW,TUS
RDU,DFW
DFW,JFK
SAN,DFW
STL,SAN
STL,ORD
MIA,DFW
STL,RDU
MIA,MCO
ELP,DFW
MIA,BNA
DFW,AUS
AUS,DFW
ORD,ELP
DFW,BOS
MIA,SFO
DFW,FLL
DCA,MIA
DFW,OMA
ONT,DFW
MIA,MSY
MIA,BOS
DFW,PDX
DFW,SAN
FAT,DFW
FLL,DFW
SEA,DFW
SJU,MCO
DFW,IND
DFW,MIA
DFW,JAX
PSP,DFW
DFW,BUR
PBI,DFW
PHX,MIA
SJC,AUS
DFW,MSY
DFW,COS
TPA,SJU
DCA,STL
DFW,SJC
BOS,MIA
PDX,DFW
MIA,DCA
MSY,MIA
DFW,SEA
ORD,PSP
DFW,EWR
AUS,SJC
MIA,STL
SJU,EWR
SJU,MIA
MIA,LGA
LGA,MIA
FLL,SJU
DFW,SJU
MFE,DFW
RNO,DFW
SMF,DFW
BWI,DFW
SJU,DFW
MIA,SJU
DFW,RIC
DFW,DAY
TPA,DFW
BNA,DFW
STT,MIA
RDU,MIA
SJC,DFW
MIA,IAH
MIA,EWR
DFW,LGA
DFW,PSP
LGA,DFW
TUS,ORD
MIA,TPA
MSY,DFW
RSW,ORD
MIA,STT
MIA,STX
SJU,BWI
STL,BOS
PSP,ORD
MIA,RDU
MCI,DFW
STL,LGA
STT,BOS
MCO,SJU
MCO,MIA
BOS,STT
STL,DCA
SAT,STL
STL,SAT
BNA,MIA
OAK,DFW
MIA,PHX
COS,DFW
TPA,MIA
BOS,DFW
SNA,DFW
STL,SFO
RDU,AUS
DFW,RNO
SAN,STL
IAD,DFW
BNA,LGA
ORD,ABQ
SNA,STL
DFW,SMF
LGA,BNA
EWR,SJU
MIA,BDL
AUS,RDU
DAY,DFW
SFO,STL
STX,MIA
IAH,MIA
DFW,OAK
DFW,IAD
SJU,BDL
ORD,TUS
STL,RSW
BDL,SJU
SEA,STL
BHM,DFW
AUS,SNA
RDU,STL
ORD,RNO
ORD,RSW
DFW,PBI
ABQ,ORD
BOS,STL
STL,AUS
STL,SEA
SNA,AUS
EWR,MIA
AUS,STL
RNO,ORD
LGA,STL
STL,MIA
BWI,SJU
SJU,FLL
SJU,STT
BDL,MIA
DFW,HDN
DFW,EGE
EGE,DFW
HDN,DFW
RSW,STL
EGE,ORD
DFW,GUC
JAC,DFW
ORD,EGE
EGE,LAX
LAX,EGE
DFW,JAC
GUC,DFW
MIA,EGE
LGA,EGE
EGE,LGA
EGE,EWR
EWR,EGE
EGE,MIA
ORD,MTJ
MTJ,ORD
OGG,LIH
OAK,HNL
HNL,OAK
SMF,OGG
OGG,SMF
OAK,OGG
OGG,OAK
OAK,KOA
KOA,OAK
RNO,SNA
SNA,HNL
HNL,SNA
SNA,RNO
SNA,OGG
OGG,SNA
KOA,LIH
KOA,SAN
LIH,SAN
LIH,KOA
SNA,KOA
SNA,LIH
KOA,SNA
LIH,SNA
SAN,LIH
SAN,KOA
SNA,SAN
SEA,PSP
SAN,SEA
TUS,SEA
ANC,PDX
ANC,SEA
SEA,TUS
SEA,SAN
SEA,ANC
ANC,FAI
SAN,PDX
SEA,SNA
JNU,KTN
KTN,SIT
SNA,PDX
SNA,SEA
SEA,ONT
SEA,KTN
PDX,PSP
JNU,SIT
ONT,SEA
ADQ,ANC
KTN,SEA
JNU,ANC
FAI,ANC
PDX,SNA
ANC,JNU
PSP,SEA
PSP,PDX
SIT,KTN
PDX,SAN
KTN,JNU
SIT,JNU
FAI,SEA
BUR,SEA
SEA,BUR
LGB,SEA
PDX,BUR
BUR,PDX
SEA,LGB
SEA,MIA
ORD,ANC
SEA,MCO
MCO,SEA
ANC,ORD
SEA,FAI
SEA,LIH
HNL,ANC
SEA,JNU
LIH,SEA
PDX,ANC
BOS,PDX
KTN,WRG
PSG,JNU
WRG,PSG
PDX,MCO
BOS,SEA
EWR,SEA
ANC,CDV
SCC,ANC
BET,ANC
ANC,BET
CDV,ANC
OME,OTZ
YAK,CDV
JNU,YAK
BRW,ANC
OTZ,OME
WRG,KTN
ANC,OTZ
BRW,FAI
JNU,PSG
ANC,OME
ANC,ADQ
OME,ANC
CDV,YAK
FAI,BRW
SCC,BRW
JNU,SEA
OTZ,ANC
ANC,SCC
PSG,WRG
YAK,JNU
FAI,SCC
SEA,DCA
LAX,DCA
SEA,EWR
SEA,BOS
ANC,HNL
PDX,BOS
DCA,LAX
DCA,SEA
MIA,SEA
PDX,ONT
MCO,PDX
ONT,PDX
ADK,ANC
ANC,ADK
AUS,BOS
BOS,AUS
BOS,BUF
BOS,LGB
BOS,OAK
BOS,RIC
BOS,SJC
BQN,JFK
BQN,MCO
BUF,BOS
BUF,FLL
BUF,JFK
BUR,JFK
EWR,FLL
EWR,MCO
EWR,PBI
EWR,RSW
EWR,TPA
FLL,BUF
FLL,EWR
FLL,LGB
FLL,OAK
FLL,PSE
FLL,RIC
FLL,SWF
FLL,SYR
HOU,JFK
IAD,JFK
IAD,LGB
JAX,JFK
JFK,BQN
JFK,BUF
JFK,BUR
JFK,HOU
JFK,IAD
JFK,JAX
JFK,LGB
JFK,MSY
JFK,OAK
JFK,ONT
JFK,PBI
JFK,PSE
JFK,RSW
JFK,SJC
JFK,SMF
JFK,SRQ
JFK,TUS
LAS,LGB
LGB,BOS
LGB,FLL
LGB,IAD
LGB,JFK
LGB,LAS
LGB,OAK
LGB,ORD
LGB,SMF
MCO,BQN
MCO,EWR
MCO,PSE
MCO,SYR
MSY,JFK
OAK,BOS
OAK,FLL
OAK,JFK
OAK,LGB
ONT,JFK
ORD,LGB
PBI,EWR
PBI,JFK
PSE,FLL
PSE,JFK
PSE,MCO
RIC,BOS
RIC,FLL
RSW,EWR
RSW,JFK
SJC,BOS
SJC,JFK
SMF,JFK
SMF,LGB
SRQ,JFK
SWF,FLL
SYR,FLL
SYR,MCO
TPA,EWR
TUS,JFK
BUF,RSW
JFK,HPN
RSW,BUF
BOS,BTV
BTV,MCO
FLL,RDU
MCO,BTV
RDU,FLL
LAS,IAH
LAX,IAH
EWR,CLE
EWR,PDX
BWI,IAH
SJC,IAH
SNA,EWR
IAH,BOS
EWR,IAH
IAH,PHL
ONT,IAH
EWR,SNA
CLE,TPA
IAH,LGA
IAH,OAK
EWR,SRQ
SEA,IAH
IAH,SNA
IAH,LAS
AUS,EWR
IAH,SAT
IAH,EWR
SAT,IAH
CLE,EWR
IAH,PDX
EWR,SJC
IAH,LAX
PHL,IAH
IAH,JFK
SMF,IAH
LAX,CLE
SAN,IAH
IAH,SAN
IAH,HNL
HNL,IAH
EWR,STT
EWR,ABQ
CLE,SFO
SAN,EWR
IAH,RNO
IAH,EGE
EWR,SAN
IAH,CLE
IAH,BWI
SRQ,EWR
IAH,SJU
RNO,IAH
CLE,FLL
CLE,IAH
BOS,IAH
IAH,FLL
LGA,IAH
CLE,RSW
IAH,ONT
SNA,IAH
SAT,EWR
PDX,EWR
JFK,IAH
TUS,EWR
IAH,HDN
FLL,CLE
FLL,IAH
CLE,SAN
EWR,BQN
EWR,TUS
IAH,SEA
IAH,SMF
HNL,EWR
PDX,IAH
OAK,IAH
BQN,EWR
RSW,CLE
MTJ,EWR
EWR,MTJ
IAH,SJC
SJU,IAH
ANC,IAH
EWR,AUS
EGE,IAH
ABQ,EWR
SFO,CLE
CLE,LAX
TPA,CLE
EWR,SAT
PSE,EWR
EWR,HNL
SEA,CLE
EWR,PSE
STT,EWR
IAH,BDL
SJC,EWR
HDN,EWR
CLE,SJU
HDN,IAH
SJU,CLE
CLE,SEA
SAN,CLE
IAH,ANC
EWR,HDN
BDL,IAH
MSY,CMH
SJC,SFO
LAX,JAX
JAX,LAX
CMH,LAX
LAX,CMH
STX,ATL
ATL,STX
CLE,DAB
DAB,CLE
IAD,OKC
DTW,BZN
BZN,DTW
DTW,MSY
MSY,DTW
MSY,BOS
BOS,MSY
OMA,DSM
BUF,CVG
MCO,JAX
BGR,BTV
RSW,MIA
CVG,DAB
DAB,CVG
CVG,BUF
PFN,CVG
CVG,PFN
MCO,GSO
CHS,JAX
ABE,LGA
ACY,JFK
XNA,SGF
SFO,GJT
GJT,LAX
MKE,FAR
BTV,IND
COS,LAN
ROA,MSN
FAR,STL
XNA,RFD
ICT,SGF
LEX,DAY
OMA,LNK
MSN,ATW
SGF,FSD
FAR,MCI
DRO,ABQ
BOI,ATW
SJC,FAT
DEN,LIT
SYR,CAK
PHL,ATW
OMA,GRB
DEN,GRB
ALB,SBN
GRB,DEN
GRB,SDF
ATW,DSM
LNK,LAN
XNA,FAR
CMH,OMA
CLE,OMA
GRB,MKE
ATW,MKE
BZN,BTM
HSV,TUS
FAR,LAN
PIA,LNK
SDF,SPI
SGU,TWF
CPR,PIH
LAX,DSM
DSM,LAX
IYK,BFL
SUN,TWF
BUR,PSP
ASE,RFD
ASE,ATL
ATL,ASE
LAX,MFR
MFR,SBA
GEG,RDM
SLC,OGD
SBP,FAT
MFR,RDM
MKE,MCI
ATW,CHS
MSN,RFD
DEN,CRW
BHM,MKE
CRW,BNA
DEN,PIH
SMF,RDD
ANC,DEN
DEN,ANC
IAD,TUS
TUS,IAD
CLT,DAB
DAB,CLT
DCA,SRQ
SRQ,DCA
BOS,SRQ
SRQ,BOS
LGA,SRQ
SRQ,LGA
BTR,DEN
DEN,BTR
IND,MSY
MSY,IND
BWI,DAB
DAB,BWI
PHF,TPA
TPA,PHF
CAK,FLL
FLL,CAK
MBS,MSP
SAV,MSP
MSP,SAV
MSP,CHS
CHS,MSP
MSP,ATW
ATW,MSP
MSP,MYR
MSP,CWA
MYR,MSP
CWA,MSP
DSM,DCA
DCA,DSM
MSN,DCA
DCA,MSN
